{
 "acc_macro": [
  0.43388045500452405 
  0.44876106886809825 
  0.45442612602102367 
  0.46631510020561123 
  0.4709641915897727 
  0.46451829663236743 
  0.47176362621046175
 ] 
 "prec_macro": [
  0.6574006935379079 
  0.6612710793147641 
  0.6629273581286664 
  0.6541206512856742 
  0.6635508612477407 
  0.66778882066196 
  0.6657905372696317
 ] 
 "rec_macro": [
  0.5421486599632813 
  0.5694403956422878 
  0.5697321819434671 
  0.599844215858643 
  0.5978655631838558 
  0.591977349614917 
  0.6012105403727194
 ] 
 "f1_macro": [
  0.5942380011630847 
  0.6119297214563513 
  0.6128067612157715 
  0.6258077868496498 
  0.6289980083932637 
  0.6276019557995496 
  0.6318546933389578
 ] 
 "acc_micro": [
  0.48820342537573846 
  0.5031120331950164 
  0.5062586926286465 
  0.5156579724824807 
  0.521102791014291 
  0.516025369978854 
  0.5188323917137432
 ] 
 "prec_micro": [
  0.7210893133711832 
  0.7180752621838282 
  0.723927905531377 
  0.7043698835466309 
  0.7126731060165168 
  0.7059231837112366 
  0.7164302600472728
 ] 
 "rec_micro": [
  0.6018528492944026 
  0.6269524938058749 
  0.6273833889906213 
  0.6580846709037955 
  0.6597005278465942 
  0.6573306043304895 
  0.6529139286868398
 ] 
 "f1_micro": [
  0.6560977041864757 
  0.6694271911663138 
  0.6722068328716451 
  0.6804410781911263 
  0.6851644663235547 
  0.6807608635019726 
  0.6831990080595087
 ] 
 "rec_at_5": [
  0.6278986142847373 
  0.6348900165268782 
  0.6338382874657253 
  0.6400711788869929 
  0.6393444019276567 
  0.6407656990736836 
  0.6411662512304341
 ] 
 "prec_at_5": [
  0.6301335028607756 
  0.6369993642720916 
  0.634965034965035 
  0.642212333121424 
  0.6410680228862047 
  0.641958041958042 
  0.642339478703115
 ] 
 "f1_at_5": [
  0.6290140734378464 
  0.6359429412898621 
  0.6344011609172233 
  0.641139968356854 
  0.6402050522849453 
  0.6413613163507264 
  0.6417523287546368
 ] 
 "rec_at_8": [
  0.76553696198776 
  0.7714419337803202 
  0.7732949834568382 
  0.7728934413161177 
  0.777262139205533 
  0.7766261178643161 
  0.7758532917466124
 ] 
 "prec_at_8": [
  0.5122377622377622 
  0.5176414494596313 
  0.5183566433566433 
  0.5194691671964399 
  0.5208200890019072 
  0.5200254291163382 
  0.5195486331849968
 ] 
 "f1_at_8": [
  0.6137810255349744 
  0.6195570061144043 
  0.6206667241043945 
  0.6213338418296911 
  0.6237104672141728 
  0.6229357935765797 
  0.6223450954039834
 ] 
 "rec_at_15": [
  0.9005232412034553 
  0.906678249698405 
  0.9041802486710661 
  0.9057553003758958 
  0.9081689376873542 
  0.9065717595902371 
  0.9052354176790288
 ] 
 "prec_at_15": [
  0.3397329942784489 
  0.3433778342869252 
  0.3422759059122696 
  0.34363212545030725 
  0.3438864166136894 
  0.34299639754185207 
  0.3425301970756517
 ] 
 "f1_at_15": [
  0.4933455658580278 
  0.4981107932116618 
  0.4965744083077238 
  0.4982387569656024 
  0.4988708535742171 
  0.49769329648460203 
  0.49700113923786826
 ] 
 "auc_macro": [
  0.907521273455516 
  0.9109110216782313 
  0.9116690638115048 
  0.9135845511072083 
  0.9148884001024706 
  0.9146475587140143 
  0.9138961351590252
 ] 
 "auc_micro": [
  0.9299636597305759 
  0.9350985613101652 
  0.9340554006058086 
  0.9358881633652745 
  0.9365231299740578 
  0.9354425873249737 
  0.9340291944982841
 ] 
 "loss_dev": [
  0.1945721019771085 
  0.19009284896436232 
  0.19284970055997977 
  0.19256281062607752 
  0.19139582272062466 
  0.195343091481206 
  0.1960331578901806
 ] 
 "acc_macro_te": [
  0.4767666864050637
 ] 
 "prec_macro_te": [
  0.6715097467849839
 ] 
 "rec_macro_te": [
  0.6047871164941273
 ] 
 "f1_macro_te": [
  0.636404358798425
 ] 
 "acc_micro_te": [
  0.5194490691690592
 ] 
 "prec_micro_te": [
  0.7149255285907643
 ] 
 "rec_micro_te": [
  0.6551493748210303
 ] 
 "f1_micro_te": [
  0.6837334395856094
 ] 
 "rec_at_5_te": [
  0.6313341585702352
 ] 
 "prec_at_5_te": [
  0.6476576055523425
 ] 
 "f1_at_5_te": [
  0.6393917160577024
 ] 
 "rec_at_8_te": [
  0.7698577840486629
 ] 
 "prec_at_8_te": [
  0.528556969346443
 ] 
 "f1_at_8_te": [
  0.6267853874896727
 ] 
 "rec_at_15_te": [
  0.9033317426986838
 ] 
 "prec_at_15_te": [
  0.35149411991517254
 ] 
 "f1_at_15_te": [
  0.5060714882460486
 ] 
 "auc_macro_te": [
  0.915524541642859
 ] 
 "auc_micro_te": [
  0.935414585636922
 ] 
 "loss_test_te": [
  0.19840378284011578
 ] 
 "loss_tr": [
  0.18055600131502245 
  0.16665632417886564 
  0.1589756854394875 
  0.15300606523114857 
  0.14735834620671698 
  0.14265393490838532 
  0.13825334257418567
 ]
}